﻿<parameters>
  <parameter name="IIS Web Application Name" defaultValue="Default Web Site/PipSep_deploy" tags="IisApp">
    <parameterEntry kind="ProviderPath" scope="IisApp" match="^C:\\Users\\Alex\\Desktop\\PipSep\\PipSep\\obj\\Debug\\Package\\PackageTmp$" />
    <parameterEntry kind="ProviderPath" scope="setAcl" match="^C:\\Users\\Alex\\Desktop\\PipSep\\PipSep\\obj\\Debug\\Package\\PackageTmp$" />
  </parameter>
  <parameter name="Add write permission to App_Data Folder" description="Add write permission to App_Data folder" defaultValue="{IIS Web Application Name}/App_Data" tags="Hidden">
    <parameterEntry kind="ProviderPath" scope="setAcl" match="^C:\\Users\\Alex\\Desktop\\PipSep\\PipSep\\obj\\Debug\\Package\\PackageTmp\\App_Data$" />
  </parameter>
  <parameter name="ApplicationServices-Web.config Connection String" description="ApplicationServices Connection String used in web.config by the application to access the database." defaultValue="data source=.\SQLEXPRESS;Integrated Security=SSPI;AttachDBFilename=|DataDirectory|aspnetdb.mdf;User Instance=true" tags="SqlConnectionString">
    <parameterEntry kind="XmlFile" scope="C:\\Users\\Alex\\Desktop\\PipSep\\PipSep\\obj\\Debug\\Package\\PackageTmp\\Web\.config$" match="/configuration/connectionStrings/add[@name='ApplicationServices']/@connectionString" />
  </parameter>
  <parameter name="SqlCEDefDatabase-Web.config Connection String" description="SqlCEDefDatabase Connection String used in web.config by the application to access the database." defaultValue="Data Source=|DataDirectory|PipSep.sdf" tags="SqlConnectionString">
    <parameterEntry kind="XmlFile" scope="C:\\Users\\Alex\\Desktop\\PipSep\\PipSep\\obj\\Debug\\Package\\PackageTmp\\Web\.config$" match="/configuration/connectionStrings/add[@name='SqlCEDefDatabase']/@connectionString" />
  </parameter>
</parameters>